{"loss": [0.04460674151778221, 0.008565155789256096, 0.0058884816244244576, 0.003430016804486513, 0.0033931168727576733, 0.002638606121763587, 0.002413051901385188, 0.0020066634751856327, 0.002104761078953743, 0.0014747484819963574], "mae": [0.10559526085853577, 0.0706755518913269, 0.058729760348796844, 0.04451664164662361, 0.04392391815781593, 0.03923652321100235, 0.03814354166388512, 0.03462144359946251, 0.03562436252832413, 0.029360463842749596], "val_loss": [0.008811495266854763, 0.007194421254098415, 0.003254570998251438, 0.0024294815957546234, 0.002658579032868147, 0.00574251776561141, 0.004001853987574577, 0.00326618948020041, 0.004330551251769066, 0.0028742041904479265], "val_mae": [0.0737597793340683, 0.06765630096197128, 0.04542263597249985, 0.03778322413563728, 0.0401797890663147, 0.06432533264160156, 0.05057331174612045, 0.0404362790286541, 0.05050303786993027, 0.03878003731369972]}