{"loss": [0.14034849405288696, 0.005372699815779924, 0.004340007435530424, 0.0032585125882178545, 0.003517791861668229, 0.0027285011019557714, 0.0026411605067551136], "mae": [0.11372789740562439, 0.05531924217939377, 0.049277618527412415, 0.04348176345229149, 0.04575056955218315, 0.04021909460425377, 0.039097897708415985], "val_loss": [0.004560463130474091, 0.0025599964428693056, 0.004523862153291702, 0.004950647242367268, 0.0034883865155279636, 0.005064824130386114, 0.004695483483374119], "val_mae": [0.047667551785707474, 0.03758519887924194, 0.05034716799855232, 0.05462384968996048, 0.04605048522353172, 0.05729495361447334, 0.05576237291097641]}